{
    "avg_prec": {
        "train": 0.9138546018537395,
        "test": 0.8859543189797187
    },
    "roc_auc": {
        "train": 0.9490777432959339,
        "test": 0.921214929511681
    }
}
